"proveedor","codigo","descripcion"
"ABASTECEDOR LEAL","SMER70S635","SOLD.INFRA  MICRO A. .035 15 KGS."
"ABRASIVOS ESPECIALES, S.A DE C.V","2462","LIQUIDO LIMPIADOR DE OXIDO 250 ML (2462)"
"ABRASIVOS ESPECIALES, S.A DE C.V","2444","PASTA P/PULIR METALES 75 ML (2444)"
"ACEROS CORSA, S.A DE C.V","CT13","CARAMELO 1/2"""
"ACEROS CORSA, S.A DE C.V","CT10","CARAMELO 3/8"""
"ACEROS CORSA, S.A DE C.V","CT16","CARAMELO 5/8"""
"ACEROS PEÑASCAL STA. LUCIA","TERMP01","TERMINAL PASAMANOS 01"
"ANITA DE LOS SANTOS DE LA ROSA","ANGD","ANGEL FO.CO DERECHO"
"ANITA DE LOS SANTOS DE LA ROSA","ANGI","ANGEL FO.CO IZQUIERDO"
"ANITA DE LOS SANTOS DE LA ROSA","BOTONRFC","BOTON DE ROSA FO.CO"
"ANITA DE LOS SANTOS DE LA ROSA","CABALLITO","CABALLITO DE MAR"
"ANITA DE LOS SANTOS DE LA ROSA","ESTCHFC","ESTRELLA CHICA FO.CO"
"ANITA DE LOS SANTOS DE LA ROSA","ESTG","ESTRELLA GRANDE"
"ANITA DE LOS SANTOS DE LA ROSA","FALC1","FLOR DE ALCATRAZ S/ TALLO CH."
"ANITA DE LOS SANTOS DE LA ROSA","FLORMARG","FLOR DE MARGARITA"
"ANITA DE LOS SANTOS DE LA ROSA","GALLOFC","GALLO FO.CO (REYES-JUGA)"
"ANITA DE LOS SANTOS DE LA ROSA","HERRCH","HERRADURA CHICA FO.FO( 15 L X 13 A )"
"ANITA DE LOS SANTOS DE LA ROSA","HERRGDE","HERRADURA GRANDE FO.CO.(45 L X  42 A )"
"ANITA DE LOS SANTOS DE LA ROSA","JINETEFC","JINETE FO.CO"
"ANITA DE LOS SANTOS DE LA ROSA","LEONBM","LEON BRONCE MEDIANO"
"ANITA DE LOS SANTOS DE LA ROSA","LEONFC","LEON FO. CO"
"ANITA DE LOS SANTOS DE LA ROSA","LUCHFC","LUNA CHICA FO.CO"
"ANITA DE LOS SANTOS DE LA ROSA","LUMEDFC","LUNA MEDIANA FO CO"
"ANITA DE LOS SANTOS DE LA ROSA","MEDACH","MEDALLON CHICO"
"ANITA DE LOS SANTOS DE LA ROSA","MEDAGDE","MEDALLON GRANDE"
"ANITA DE LOS SANTOS DE LA ROSA","MEDEGDE2","MEDALLON GRANDE (45.50 CM X 26 CM)"
"ANITA DE LOS SANTOS DE LA ROSA","RAUVAD","RACIMO DE UVA DOBLE 10X9"
"ANITA DE LOS SANTOS DE LA ROSA","CORONA","REMATE CORONA"
"ANITA DE LOS SANTOS DE LA ROSA","SOLCHFC","SOL CHICO FO. CO"
"ANITA DE LOS SANTOS DE LA ROSA","SOLFCG","SOL GRANDE FO.CO ( 27 CM)"
"ANITA DE LOS SANTOS DE LA ROSA","SOLMEDFC","SOL MEDIANO FO CO ( 20 CM)"
"ANITA DE LOS SANTOS DE LA ROSA","TOCAPMAN","TOCA PUERTA (MANO)"
"ANITA DE LOS SANTOS DE LA ROSA","TOCAPCH","TOCA PUERTAS CHICO 20 CM X 20 CM"
"ARTEFERRO MONTERREY, S,.A DE C.V","-383808","BUZON ROJO ARTEFERRO 25.5X40.50 ART.849/3"
"ARTEFERRO MONTERREY, S,.A DE C.V","-451378","COROLA 4X4CM"
"ARTEFERRO MONTERREY, S,.A DE C.V","53479","ELEMENTO BALCONES MARTILLADO DE 80 CM"
"ARTEFERRO MONTERREY, S,.A DE C.V","-643677","MARIPOSA CHICA  11X6.50 CM (CODIGO 137/9)"
"ARTEFERRO MONTERREY, S,.A DE C.V","-643647","MARIPOSA GRANDE 17.50X12.50CM (CODIGO13710)"
"ARTEFERRO MONTERREY, S,.A DE C.V","811/3/T","PASAMANOS DE  5.9 X 1.65 CM X 3.00MTS DE LARGO"
"ARTEFERRO MONTERREY, S,.A DE C.V","-401034","POSTE TERMINAL/ESCALERA C/DRAGON"
"ARTEFERRO MONTERREY, S,.A DE C.V","140/H/2","RACIMO DE UVAS CHICO"
"ARTEFERRO MONTERREY, S,.A DE C.V","140/H/1","RACIMO DE UVAS GRANDES"
"ARTEFERRO MONTERREY, S,.A DE C.V","377/40/T","TERMINAL/PASAMANOS (1377/40/T)"
"ARTEFERRO MONTERREY, S,.A DE C.V","-181099","TERMINAL/POSTE DIAM7CM ALTO 10CM ART1404/3"
"CASCAR INTERNATIONAL S. DE R.L DE C.V","ADOROVALO","ADORNO COLONIAL R600 OVALO VENECIA"
"CASCAR INTERNATIONAL S. DE R.L DE C.V","ADORNOC","ADORNO CULEBRA (R600)"
"CASCAR INTERNATIONAL S. DE R.L DE C.V","BOTONB","BOTON BARROCO(R505)(REYES)"
"CASCAR INTERNATIONAL S. DE R.L DE C.V","CRUZE","CRUZ ESPAÑOLA CHICA (R910)"
"CASCAR INTERNATIONAL S. DE R.L DE C.V","CRUZR","CRUZ ROMANA GDE. (R915)"
"CASCAR INTERNATIONAL S. DE R.L DE C.V","ALCHIALUM","FIG. ALCATRAS CHICO DE ALUMINIO"
"CASCAR INTERNATIONAL S. DE R.L DE C.V","ALCGALU","FIG. ALCATRAS GRANDE DE ALUM."
"CASCAR INTERNATIONAL S. DE R.L DE C.V","PLATOGB612","PLATO GIRATORIO P/BANCO 6 1/2"" X 6 1/2"""
"CASCAR INTERNATIONAL S. DE R.L DE C.V","PLATOGB8","PLATO GIRATORIO P/BANCO 8"" X 8"""
"CHAPA INDUSTRIAS, S.A DE C.V","CPTAD6752","CIERRA PUERTA DEXTER HIDRAU. 2 VALV AN 6752"
"CHAPA INDUSTRIAS, S.A DE C.V","CPTAD6753","CIERRA PUERTA DEXTER HIDRAU. 2 VALV AN 6753"
"CHAPA INDUSTRIAS, S.A DE C.V","FIJAPUERTA6868","FIJA PUERTAS DEXTER PATA DE CABRA NS(6868)"
"CHAPA INDUSTRIAS, S.A DE C.V","MIR-6415","MIRILLA DEXTER 160°PARA PUERTA 1/2 LB(6415)"
"CHAPA INDUSTRIAS, S.A DE C.V","MIR-6416","MIRILLA DEXTER 180 PARA PUERTA  9/16 LB(6416)"
"CHAPA INDUSTRIAS, S.A DE C.V","MIR-6418","MIRILLA DEXTER 180°PARA PUERTA 9/16 NS(6418)"
"CHAPA INDUSTRIAS, S.A DE C.V","TOPE6412","TOPE DEXTER MAGNETICO NS (6412)"
"CHAPA INDUSTRIAS, S.A DE C.V","TOPE6865","TOPE DEXTER RECTO P/PARED  O PTA.NS6865"
"CHAPA INDUSTRIAS, S.A DE C.V","TOPE6859","TOPE DEXTER TIPO DOMO DE PISO NS(6859)"
"DISTRIBUIDORA DE ACEROS ESTRUCTURALES, S.A DE C.V","BIGOT-013","BIGOTE 1/4"" X 1/2"" 7.0 X 11.0 CM"
"DISTRIBUIDORA DE ACEROS ESTRUCTURALES, S.A DE C.V","BIGOT-016","BIGOTE 1/8"" X 1/2"" 7.0 X 11.00 CM"
"DISTRIBUIDORA DE ACEROS ESTRUCTURALES, S.A DE C.V","FLODE007","MARGARITA"
"DISTRIBUIDORA DE ACEROS ESTRUCTURALES, S.A DE C.V","PIE-ENC","PIEDRA P/ENCENDEDOR"
"DISTRIBUIDORA DE ACEROS ESTRUCTURALES, S.A DE C.V","RIZO014","RIZO"
"DISTRIBUIDORA DE ACEROS ESTRUCTURALES, S.A DE C.V","RIZO011","RIZO DE 1/4 X 1/2"" 6 X 15.5 CMS"
"DISTRIBUIDORA DE ACEROS ESTRUCTURALES, S.A DE C.V","RIZO013","RIZO DE 1/4 X 1/2"" 7.6 X 19 CMS"
"ESAB MEXICO, S.A DE C.V","SOLESAB15K","SOLD.ESAB  MICRO A. .035 15 KGS."
"ESAB MEXICO, S.A DE C.V","SOLESAB10LB","SOLD.MICRO A.TUB.  .035 (10 LB/4.54 KGS)ESAB"
"FERREBASTONES CHOLULA, S.A DE C.V","X-1100C","CERR.D/SEG ADIC TETRA X-1100 CROM (571 )"
"FERRETERA CANTABRIA, S.A DE C.V","ENCCAZ","ENCENDEDOR TIPO CAZUELA N-113-A"
"FERRETERA CANTABRIA, S.A DE C.V","SM6","SUJETADOR MARIPOSA 1/4"""
"FERRETERA CANTABRIA, S.A DE C.V","SM5","SUJETADOR MARIPOSA 3/16"""
"FERRETERA CENTRAL DEL GOLFO, S.A DE C.V","AAWD40","ACEITE AFLOJATODO WD.40 (000646)"
"FERRETERA CENTRAL DEL GOLFO, S.A DE C.V","AFLOJA","AFLOJA TODO 300GR. PERMATEK(030813)"
"FERRETERA CENTRAL DEL GOLFO, S.A DE C.V","BROQM194041.7","BROQUERO  MAKITA C/ADAP. SDS 194041.7"
"FERRETERA CENTRAL DEL GOLFO, S.A DE C.V","CAR3M6001","CARTUCHO P/VAPORES ORGAN. 3M MOD. 6001"
"FERRETERA CENTRAL DEL GOLFO, S.A DE C.V","CINAIS","CINTA AISLAR NEGRA 18 MTS COHESA(000815)-2229"
"FERRETERA CENTRAL DEL GOLFO, S.A DE C.V","CINAIS3M-013000","CINTA AISLAR TEMFLEX 3.4"" X 18 M (3M)(013000)"
"FERRETERA CENTRAL DEL GOLFO, S.A DE C.V","CINAIS3M","CINTA AISLAR TEMFLEX 3.4"" X 18 M (3M)(143451)"
"FERRETERA CENTRAL DEL GOLFO, S.A DE C.V","CINCAN007061","CINTA EMPACAR CANELA 48MMX50M TUK(007061)"
"FERRETERA CENTRAL DEL GOLFO, S.A DE C.V","CINTRA032211","CINTA EMPACAR TRANSP. 48MMX150M HITOOLS (032211)"
"FERRETERA CENTRAL DEL GOLFO, S.A DE C.V","CINTRA032212","CINTA EMPACAR TRANSP. 72MMX150M HITOOLS (032212)"
"FERRETERA CENTRAL DEL GOLFO, S.A DE C.V","CINPEN10CM","CINTA TAPAGOTERAS PENNSYL. 10 CM. (021202)"
"FERRETERA CENTRAL DEL GOLFO, S.A DE C.V","CINPEN5CM","CINTA TAPAGOTERAS PENNSYL. 5 CM."
"FERRETERA CENTRAL DEL GOLFO, S.A DE C.V","CIZALLAJS3201","CIZALLA P/METAL MAKITA 710 W JS3201(039647)"
"FERRETERA CENTRAL DEL GOLFO, S.A DE C.V","ESPPENFOAM","ESPUMA  PENS FOAM AMAR.LATA (030995)"
"FERRETERA CENTRAL DEL GOLFO, S.A DE C.V","ESPPEFOAM500ML","ESPUMA  PENS FOAM MULTIPOSICION 360° 500M(043291)"
"FERRETERA CENTRAL DEL GOLFO, S.A DE C.V","ESPPENMULT","ESPUMA MULTIPOSICION 340GR. (043292)"
"FERRETERA CENTRAL DEL GOLFO, S.A DE C.V","FILTRON95-3M","FILTRO N95 3M (5N11)"
"FERRETERA CENTRAL DEL GOLFO, S.A DE C.V","PROOI3M","PROTECTOR P/OIDOS 3 M (037407)"
"FERRETERA CENTRAL DEL GOLFO, S.A DE C.V","RESDBL","RESBALON DOBLE BALA LATONADO (012652)"
"FERRETERA CENTRAL DEL GOLFO, S.A DE C.V","RETFILTRO501-3M","RETENEDOR DE FILTRO 5N11 MOD.501 3M"
"FERRETERA CENTRAL DEL GOLFO, S.A DE C.V","SOLCIN3M","SOLUCINTA NEGRA 3M DEVCON"
"FORJA ARTISTICA RENACIMIENTO, S.A DE C.V","ALAAD","ALA DE ANGEL DERECHA"
"FORJA ARTISTICA RENACIMIENTO, S.A DE C.V","ALAAI","ALA DE ANGEL IZQUIERDA"
"FORJA ARTISTICA RENACIMIENTO, S.A DE C.V","ALAQD","ALA DE QUERUBIN DERECHA"
"FORJA ARTISTICA RENACIMIENTO, S.A DE C.V","ALAQ","ALA DE QUERUBIN IZQUIERDA"
"FORJA ARTISTICA RENACIMIENTO, S.A DE C.V","ALAS","ALA DE SERAFIN"
"FORJA ARTISTICA RENACIMIENTO, S.A DE C.V","ANCH","ANGEL CHICO"
"FORJA ARTISTICA RENACIMIENTO, S.A DE C.V","APACHED","APACHE DERECHO"
"FORJA ARTISTICA RENACIMIENTO, S.A DE C.V","APACHE","APACHE IZQUIERDO"
"FORJA ARTISTICA RENACIMIENTO, S.A DE C.V","AROC13","ARO DE CUAD.DE 1/2 A 12 CM( C-3)"
"FORJA ARTISTICA RENACIMIENTO, S.A DE C.V","BOTONR","BOTON DE ROSA"
"FORJA ARTISTICA RENACIMIENTO, S.A DE C.V","CALEON","CABEZA DE LEON"
"FORJA ARTISTICA RENACIMIENTO, S.A DE C.V","CALOBO","CABEZA DE LOBO"
"FORJA ARTISTICA RENACIMIENTO, S.A DE C.V","CATGHF","CATALOGO GUIA DEL HERRERO"
"FORJA ARTISTICA RENACIMIENTO, S.A DE C.V","CONSCH","CONSTELACION CHICA"
"FORJA ARTISTICA RENACIMIENTO, S.A DE C.V","CONSGDE","CONSTELACION GRANDE"
"FORJA ARTISTICA RENACIMIENTO, S.A DE C.V","COTOD","COTORRO DER"
"FORJA ARTISTICA RENACIMIENTO, S.A DE C.V","COTOI","COTORRO IZQ"
"FORJA ARTISTICA RENACIMIENTO, S.A DE C.V","CRESTA","CRESTA"
"FORJA ARTISTICA RENACIMIENTO, S.A DE C.V","EST5""","ESTRELLA DE 5"""
"FORJA ARTISTICA RENACIMIENTO, S.A DE C.V","FLEP1","FLECHA PARKER 1"
"FORJA ARTISTICA RENACIMIENTO, S.A DE C.V","FLEP2","FLECHA PARKER 2"
"FORJA ARTISTICA RENACIMIENTO, S.A DE C.V","FLORDEAGAVE","FLOR DE AGAVE"
"FORJA ARTISTICA RENACIMIENTO, S.A DE C.V","FALCCH","FLOR DE ALCATRAZ CHICO"
"FORJA ARTISTICA RENACIMIENTO, S.A DE C.V","FALC","FLOR DE ALCATRAZ GRANDE"
"FORJA ARTISTICA RENACIMIENTO, S.A DE C.V","FCAC","FLOR DE CACTUS"
"FORJA ARTISTICA RENACIMIENTO, S.A DE C.V","FGIR","FLOR DE GIRASOL"
"FORJA ARTISTICA RENACIMIENTO, S.A DE C.V","FLIRIO","FLOR DE LIRIO"
"FORJA ARTISTICA RENACIMIENTO, S.A DE C.V","FROS","FLOR DE ROSA"
"FORJA ARTISTICA RENACIMIENTO, S.A DE C.V","FTUL","FLOR DE TULIPAN CERRADO Y ABIERTO"
"FORJA ARTISTICA RENACIMIENTO, S.A DE C.V","FLORROM1","FLOR ROMANA 1"
"FORJA ARTISTICA RENACIMIENTO, S.A DE C.V","FLORROM2","FLOR ROMANA 2"
"FORJA ARTISTICA RENACIMIENTO, S.A DE C.V","GALLOD","GALLO DER."
"FORJA ARTISTICA RENACIMIENTO, S.A DE C.V","GALLOI","GALLO IZQ."
"FORJA ARTISTICA RENACIMIENTO, S.A DE C.V","GOLD","GOLONDRINA DERECHA"
"FORJA ARTISTICA RENACIMIENTO, S.A DE C.V","GOLI","GOLONDRINA IZQUIERDA"
"FORJA ARTISTICA RENACIMIENTO, S.A DE C.V","GRA1C25","GRAPA 1 COSTILLA 1"""
"FORJA ARTISTICA RENACIMIENTO, S.A DE C.V","GRA1C38","GRAPA 1 COSTILLA 1""1/2"
"FORJA ARTISTICA RENACIMIENTO, S.A DE C.V","GRA1C13","GRAPA 1 COSTILLA 1/2"""
"FORJA ARTISTICA RENACIMIENTO, S.A DE C.V","GRA2C13","GRAPA 2 COSTILLA 1/2"""
"FORJA ARTISTICA RENACIMIENTO, S.A DE C.V","GRA2C25","GRAPA 2 COSTILLAS 1"""
"FORJA ARTISTICA RENACIMIENTO, S.A DE C.V","GRA2C38","GRAPA 2 COSTILLAS 1""1/2"
"FORJA ARTISTICA RENACIMIENTO, S.A DE C.V","JARRONCH","JARRON CHICO 16.4 X 11.50 CM"
"FORJA ARTISTICA RENACIMIENTO, S.A DE C.V","JARRON","JARRON GDE.35X 24.50 CM."
"FORJA ARTISTICA RENACIMIENTO, S.A DE C.V","LUCH","LUNA CHICA"
"FORJA ARTISTICA RENACIMIENTO, S.A DE C.V","LUGD","LUNA GRANDE"
"FORJA ARTISTICA RENACIMIENTO, S.A DE C.V","MACET","MACETERO"
"FORJA ARTISTICA RENACIMIENTO, S.A DE C.V","MANNEG","MANZANA"
"FORJA ARTISTICA RENACIMIENTO, S.A DE C.V","MARI","MARIPOSA"
"FORJA ARTISTICA RENACIMIENTO, S.A DE C.V","NIDO","NIDO DE AVES"
"FORJA ARTISTICA RENACIMIENTO, S.A DE C.V","PALCH","PALMA CHICA"
"FORJA ARTISTICA RENACIMIENTO, S.A DE C.V","PALG","PALMA GRANDE"
"FORJA ARTISTICA RENACIMIENTO, S.A DE C.V","PELDAÑOCG","PELDAÑO (CARACOL) GALVANIZADO"
"FORJA ARTISTICA RENACIMIENTO, S.A DE C.V","PELDAÑO","PELDAÑO (CARACOL) NEGRO"
"FORJA ARTISTICA RENACIMIENTO, S.A DE C.V","PELDAÑOE","PELDAÑO (ESCALON) NEGRO"
"FORJA ARTISTICA RENACIMIENTO, S.A DE C.V","PERVENT","PERICO PARA VENTANA"
"FORJA ARTISTICA RENACIMIENTO, S.A DE C.V","PLA4","PLATO 5 5/8 HONDO"
"FORJA ARTISTICA RENACIMIENTO, S.A DE C.V","PLA5","PLATO 5 5/8"" EXTENDIDO"
"FORJA ARTISTICA RENACIMIENTO, S.A DE C.V","PLAB9","PLATO BASE 6"""
"FORJA ARTISTICA RENACIMIENTO, S.A DE C.V","PLAB12","PLATO BASE PLANO 1"" 1/2"
"FORJA ARTISTICA RENACIMIENTO, S.A DE C.V","PLA1","PLATO CHICO"
"FORJA ARTISTICA RENACIMIENTO, S.A DE C.V","PLA3","PLATO GRANDE"
"FORJA ARTISTICA RENACIMIENTO, S.A DE C.V","PLA2","PLATO MEDIANO"
"FORJA ARTISTICA RENACIMIENTO, S.A DE C.V","PLA6","PLATO NUM.6 DE 4"" 1/2"
"FORJA ARTISTICA RENACIMIENTO, S.A DE C.V","PVBASE","PORTA VELA CON BASE"
"FORJA ARTISTICA RENACIMIENTO, S.A DE C.V","RETD","RETOÑO DERECHO"
"FORJA ARTISTICA RENACIMIENTO, S.A DE C.V","RETI","RETOÑO IZQUIERDO"
"FORJA ARTISTICA RENACIMIENTO, S.A DE C.V","SOLCH","SOL CHICO"
"FORJA ARTISTICA RENACIMIENTO, S.A DE C.V","SOLG","SOL GRANDE"
"FORJA ARTISTICA RENACIMIENTO, S.A DE C.V","SOLMED","SOL MEDIANO"
"FORJA ARTISTICA RENACIMIENTO, S.A DE C.V","SOM","SOMBRERO"
"FORJA ARTISTICA RENACIMIENTO, S.A DE C.V","SP6","SUPER PICO N0. 6"
"FORJA ARTISTICA RENACIMIENTO, S.A DE C.V","SP10","SUPER PICO N0.10"
"FORJA ARTISTICA RENACIMIENTO, S.A DE C.V","SP11","SUPER PICO N0.11"
"FORJA ARTISTICA RENACIMIENTO, S.A DE C.V","SP12","SUPER PICO N0.12"
"FORJA ARTISTICA RENACIMIENTO, S.A DE C.V","SP13","SUPER PICO N0.13"
"FORJA ARTISTICA RENACIMIENTO, S.A DE C.V","SP14","SUPER PICO N0.14"
"FORJA ARTISTICA RENACIMIENTO, S.A DE C.V","SP17","SUPER PICO N0.17"
"FORJA ARTISTICA RENACIMIENTO, S.A DE C.V","SP3","SUPER PICO N0.3"
"FORJA ARTISTICA RENACIMIENTO, S.A DE C.V","SP4","SUPER PICO N0.4"
"FORJA ARTISTICA RENACIMIENTO, S.A DE C.V","SP5","SUPER PICO N0.5"
"FORJA ARTISTICA RENACIMIENTO, S.A DE C.V","SP9","SUPER PICO N0.9"
"FORJA ARTISTICA RENACIMIENTO, S.A DE C.V","SP7","SUPER PICOS N0.7"
"FORJA ARTISTICA RENACIMIENTO, S.A DE C.V","SZAP25","SUPER ZAPATO 1"""
"FORJA ARTISTICA RENACIMIENTO, S.A DE C.V","SZAP32","SUPER ZAPATO 1"" 1/4"
"FORJA ARTISTICA RENACIMIENTO, S.A DE C.V","TORO","TORO"
"FORJA ARTISTICA RENACIMIENTO, S.A DE C.V","TUCAN","TUCAN"
"FORJA ARTISTICA RENACIMIENTO, S.A DE C.V","VIRGEN","VIRGEN"
"FORJA ARTISTICA RENACIMIENTO, S.A DE C.V","VIRGENMED","VIRGEN MEDIANA 75CM X 40CM"
"FORTACERO,S.A DE C.V","VIGAH4X4(19.3KG/MTS)","VIGA ""H"" 4"" X 4"" X 6.10 MTS (19.3 KG/MTS)"
"FORTACERO,S.A DE C.V","VIGAH6X22.4KGS.","VIGA H 6X6 DE 22.4 KG/ML A 12.20 MTS."
"GABRIEL REYES GOMEZ","APCOGR","APARATO P/CORTINA 5 MTS. GRANDE DERECHO"
"GABRIEL REYES GOMEZ","APCOGRI","APARATO P/CORTINA 5 MTS. GRANDE IZQUIERDO"
"GABRIEL REYES GOMEZ","AROCONROSAFO.CO.","ARO CON ROSA DE FO.CO"
"GABRIEL REYES GOMEZ","BOMBOEMB38","BOMBO EMB. C/BALERO 1 1/2"""
"GABRIEL REYES GOMEZ","BOMBOEMB25","BOMBO EMB. C/BALERO 1"""
"GABRIEL REYES GOMEZ","BUZONG","BUZON GRANDE (REYES)"
"GABRIEL REYES GOMEZ","CABUME","BUZON MEDIANO REYES 27 X 22 X 8"
"GABRIEL REYES GOMEZ","CABALLOFC","CABALLO FO. CO.( 550X370 MM)"
"GABRIEL REYES GOMEZ","CABTCH","CABEZA DE TORO CHICA(200MMX215MM)"
"GABRIEL REYES GOMEZ","CATOGRA","CABEZA DE TORO GRANDE FO.CO."
"GABRIEL REYES GOMEZ","VENADO","CABEZA DE VENADO (REYES) 28ALTX29.50 ANCH"
"GABRIEL REYES GOMEZ","BUZONR","CAJA BUZON PARA REJA"
"GABRIEL REYES GOMEZ","BUZONP","CAJA BUZON PARED"
"GABRIEL REYES GOMEZ","CECOCH","CENEFA COLONIAL CHICA(440X260MM)REYES"
"GABRIEL REYES GOMEZ","ELEALUM","ELEVADOR PARA LONA ALUMINIO"
"GABRIEL REYES GOMEZ","ELEBRON","ELEVADOR PARA LONA BRONCE CHICO"
"GABRIEL REYES GOMEZ","ELBRONGRA","ELEVADOR PARA LONA BRONCE GRANDE"
"GABRIEL REYES GOMEZ","ESLALUMCEN","ESLABON ALUMINIO CENTRAL"
"GABRIEL REYES GOMEZ","ESLALUMIN","ESLABON ALUMINIO INICIAL"
"GABRIEL REYES GOMEZ","ESLALUMTER","ESLABON ALUMINIO TERMINAL"
"GABRIEL REYES GOMEZ","HERRGDER","HERRADURA GRANDE FO.CO. (43 X 49 ) REYES"
"GABRIEL REYES GOMEZ","MEDAME","MEDALLON MEDIANO (REYES #C04)"
"GABRIEL REYES GOMEZ","NUALCL13","NUDO DE ALAMBRON P/CUAD. 1/2"""
"GABRIEL REYES GOMEZ","NUALRED13","NUDO DE ALAMBRON P/RED. 1/2"""
"GABRIEL REYES GOMEZ","RESAN2X2.5CAL8","REJA SAN REHNO 2.00 MTS X 2.50 MTS VERDE C-6"
"GABRIEL REYES GOMEZ","RESAN2.5X2.5C6","REJA SAN REHNO 2.50 MTS X 2.50 MTS VERDE C-6"
"GABRIEL REYES GOMEZ","RE5/161.20D","RESORTE P/CORTINA 5/16"" X 1.20MTS. DER."
"GABRIEL REYES GOMEZ","RE5/161.20I","RESORTE P/CORTINA 5/16"" X 1.20MTS. IZQ."
"GABRIEL REYES GOMEZ","TOCAPCAB","TOCA PUERTA CABALLITO"
"GABRIEL REYES GOMEZ","TOCAPCAR","TOCA PUERTA CARPINTERO"
"GABRIEL REYES GOMEZ","TOCAPHER","TOCA PUERTA HERCULES"
"GABRIEL REYES GOMEZ","TOCAPLEON","TOCA PUERTA LEON"
"GABRIEL REYES GOMEZ","TOPUGR","TOCA PUERTAS GRANDE 28 CM X 28 CM"
"GABRIEL REYES GOMEZ","LLLECH","TOCADOR DE LEON FO.FO. (225X175 MM)"
"GABRIEL REYES GOMEZ","VENCHIDER","VENADO FO. CO. CHICO DER."
"GABRIEL REYES GOMEZ","VENCHIIZQ","VENADO FO.CO. CHICO IZQ."
"GALVATUBING,S.A DE C.V","LGZR3.05E","GALVATUBING LAM.GALV. Z ALUM REC 3.05"
"GALVATUBING,S.A DE C.V","LGZR3.66E","GALVATUBING LAM.GALV. Z ALUM REC 3.66"
"GALVATUBING,S.A DE C.V","LGZR4.27E","GALVATUBING LAM.GALV. Z ALUM REC 4.27"
"GALVATUBING,S.A DE C.V","LGZR4.88E","GALVATUBING LAM.GALV. Z ALUM REC 4.88"
"GALVATUBING,S.A DE C.V","ZR200E","GALVATUBING RECTANGULAR 2"" X 1"" C-20"
"GALVATUBING,S.A DE C.V","ZR300E","GALVATUBING RECTANGULAR 3 X 1 1/2 C-20"
"GALVATUBING,S.A DE C.V","ZR400E","GALVATUBING RECTANGULAR 4 X 1 1/2 C-20"
"GRUPO INDUSTRIAL GARCIASTEEL,S.A DE C.V","PZALE","PZA. LATERAL EUROPEA"
"INFRA, S.A DE C.V","BOQP/CORT-4157","BOQ. P/CORT. OXIG. BUT. SC-50 A-1(5/8)C-4157"
"INFRA, S.A DE C.V","4184","BOQ.CORTE OXIBUTANO(4184)"
"INFRA, S.A DE C.V","EQUIPO","EQUIPO INFRA SMITHS EQP51-2CB-SM(4052)"
"INFRA, S.A DE C.V","GOGLEVM","GOGLE VENTANA MOVIL(8528)"
"INFRA, S.A DE C.V","MAN50-4812","MANOMETRO 2"" RANGO 28KG/CM2"
"INFRA, S.A DE C.V","MAN50-4807","MANOMETRO DE 2"" RANGO 2KG/CM2 (COD-4807)"
"INFRA, S.A DE C.V","MPCLARO","MICA DE POLICAR. CLARO P/SC400(8123)"
"INFRA, S.A DE C.V","MPS12","MICA DE POLICAR. S-12 (8225)"
"INFRA, S.A DE C.V","MICA2.5D","MICA TRANSP. 2.5 AUM. DIOPT. (8530)"
"INFRA, S.A DE C.V","MICA1.5D","MICA TRANSP. AUM. 1.5 DIOPT. (8529)"
"INFRA, S.A DE C.V","PROFAC","PROTECTOR FACIAL 3PF-300(CODIGO-8259)"
"INFRA, S.A DE C.V","PROOI","PROTECTOR P/OIDOS(8267)"
"INFRA, S.A DE C.V","REGSH1710C","REGULADOR INFRA SMITHS SH 1710-C"
"INFRA, S.A DE C.V","REPVIS","REPUESTO PARA PRO FACIAL(CODIGO-8005)"
"INFRA, S.A DE C.V","SOLFOCOE","SOLD. FO. CO. (ARC.WELD127)1/8"" ECON.(38PZA)(6040)"
"INFRA, S.A DE C.V","ZAP300","ZAPATA 300 AMPS COD.8295"
"INFRA, S.A DE C.V","ZAP500","ZAPATA 500 AMPS COD. 8300 INFRA"
"INTERNACIONAL TOOL COMPANY, S.A DE C.V","AXT-WP26","ANTORCHA P/SOLD. TIG WP26 4.5MTS. AX 200A"
"INTERNACIONAL TOOL COMPANY, S.A DE C.V","AXT-SP250EC","ANTORCHA SPOOL GUN-4MTS. AXT-SP250EC 250 AMP"
"INTERNACIONAL TOOL COMPANY, S.A DE C.V","AXT-BORNEHEM1/2","BORNE HEMBRA 1/2"" (AX-TECH)"
"INTERNACIONAL TOOL COMPANY, S.A DE C.V","AXT-BORNEHEM3/8","BORNE HEMBRA 3/8"" (AX-TECH)"
"LAMINAS Y PERFILES ECOLOGICOS DE MEXICO","CLIP LAM","CLIP LAMBRIN (865274)"
"LAMINAS Y PERFILES ECOLOGICOS DE MEXICO","LI14-8051BH","LAMBRIN INT. GRIS PERLA  8051  2.90 MT. (875723)"
"LAMINAS Y PERFILES ECOLOGICOS DE MEXICO","LI14-8011NO","LAMBRIN INT. NOGAL  8011  2.90 MT. (695840)"
"LAMINAS Y PERFILES ECOLOGICOS DE MEXICO","LI14-8018OX","LAMBRIN INT. OXFORD 8018  2.90 MT. (629258)"
"LAMINAS Y PERFILES ECOLOGICOS DE MEXICO","LI14-8019PINO","LAMBRIN INT. PINO 8019  2.90 MT. (654403)"
"LINCOLN ELECTRIC MANUFACTURA, S.A DE C.V","ANTGEL","GEL ANTICHISPAS"
"LINCOLN ELECTRIC MANUFACTURA, S.A DE C.V","ANTGEL400GRS","GEL ANTICHISPAS 400 GRS ( RF500919)"
"LINCOLN ELECTRIC MANUFACTURA, S.A DE C.V","GIS","GIS (WT52895)"
"LINCOLN ELECTRIC MANUFACTURA, S.A DE C.V","PGIS","PORTA GIS WYP-400-1 CON GIS (WT52895)"
"LINCOLN ELECTRIC MANUFACTURA, S.A DE C.V","PM36KG","POSICIONADOR MAGNETICO 36 KGS.(WT53880)"
"LINCOLN ELECTRIC MANUFACTURA, S.A DE C.V","SOLLIN15K","SOLD.LINCOLN  MICRO A. .035 15 KGS."
"LINCOLN ELECTRIC MANUFACTURA, S.A DE C.V","SOLLIN1LBT.030","SOLD.MICRO A.TUB.  .030 (1 LB/  .454 KGS)LINCOLN"
"LINCOLN ELECTRIC MANUFACTURA, S.A DE C.V","SOLLIN1LBT","SOLD.MICRO A.TUB.  .035 (1 LB/  .454 KGS)LINCOLN"
"MOISES JUAREZ MORALES","082A","REG 1 "" HONGO PLASTICO  (082A)"
"MOISES JUAREZ MORALES","031A","REG 1 1/2 BARRIL HULE  (031A)"
"MOISES JUAREZ MORALES","084A","REG 1 1/2 HONGO PLASTICO (084A)"
"MOISES JUAREZ MORALES","030A","REG 1 1/4 BARRIL HULE (030A)"
"MOISES JUAREZ MORALES","083A","REG 1 1/4 HONGO PLASTICO 083A)"
"MOISES JUAREZ MORALES","029A","REG 1"" BARRIL HULE  (029A)"
"MOISES JUAREZ MORALES","038A","REG 1"" COSTILLA HULE (038A)"
"MOISES JUAREZ MORALES","025A","REG 1/2 BARRIL HULE  (025A)"
"MOISES JUAREZ MORALES","034A","REG 1/2 COSTILLA HULE  (034A)"
"MOISES JUAREZ MORALES","0.958333333333333","REG 1/4 BARRIL HULE (023A)"
"MOISES JUAREZ MORALES","032A","REG 2"" BARRIL HULE  (032A)"
"MOISES JUAREZ MORALES","036A","REG 3/4 COSTILLA HULE (036A)"
"MOISES JUAREZ MORALES","081A","REG 3/4 HONGO PLASTICO  (081A)"
"MOISES JUAREZ MORALES","024A","REG 3/8 BARRIL HULE  (024A)"
"MOISES JUAREZ MORALES","026A","REG 5/8 BARRIL HULE  (026A)"
"MOISES JUAREZ MORALES","027A","REG3/4 BARRIL HULR  (027A)"
"PAPALOTES FELIZARDO ELIZONDO GUAJARDO,S.A DE C.V","HSS4X41/4-12.20","HSS  DE 4"" X 4"" EN 1/4 A 12.20 MTS( 17.73 KG/ML)"
"PERFILES LM, S.A DE C.V","ZM300","CHAMBRANA L ZM300"
"PERFILES Y HERRAJES VARGAS, S.A DE C.V","ACOPG318","ACOPLADORES RAPIDOS GONI MOD. 318"
"PERFILES Y HERRAJES VARGAS, S.A DE C.V","ACOPG320","ACOPLADORES RAPIDOS GONI MOD. 320"
"PERFILES Y HERRAJES VARGAS, S.A DE C.V","AGUILA","AGUILA (COD. 11238)"
"PERFILES Y HERRAJES VARGAS, S.A DE C.V","BOMBOA25","BOMBO DE ALUMINIO DE 1"""
"PERFILES Y HERRAJES VARGAS, S.A DE C.V","BOMBOA38","BOMBO DE ALUMINIO DE 1"" 1/2"
"PERFILES Y HERRAJES VARGAS, S.A DE C.V","BOMBOA32","BOMBO DE ALUMINIO DE 1"" 1/4"
"PERFILES Y HERRAJES VARGAS, S.A DE C.V","BULON150","BULON MOD BMR-150 MASTER RAIL (VARGAS)"
"PERFILES Y HERRAJES VARGAS, S.A DE C.V","BUZON","BUZON MEDIANO VARGAS 27 X 21 X 9"
"PERFILES Y HERRAJES VARGAS, S.A DE C.V","ARCAP001","CAPITEL TROQUELADO P/ARCO"
"PERFILES Y HERRAJES VARGAS, S.A DE C.V","CATVARGAS","CATALOGO DE PRODUCTOS ""PHV & ELEVA"""
"PERFILES Y HERRAJES VARGAS, S.A DE C.V","CERDO","CERDO( COD.11472)"
"PERFILES Y HERRAJES VARGAS, S.A DE C.V","GAR-12","GARRA DE 1/2"""
"PERFILES Y HERRAJES VARGAS, S.A DE C.V","GARS12","GARRA DE SOL.  DE  1/2"
"PERFILES Y HERRAJES VARGAS, S.A DE C.V","GOG-E108","GOGLE  ELEVA  108 OSCURECIMIENTO AUTOM."
"PERFILES Y HERRAJES VARGAS, S.A DE C.V","GUIAPISO3MTS","GUIA A PISO ULTRA DE 3 MTS MOD. GPMR-ULTRA"
"PERFILES Y HERRAJES VARGAS, S.A DE C.V","LANC38","LANZA CARAMELO 3/8"""
"PERFILES Y HERRAJES VARGAS, S.A DE C.V","LANC12","LANZA CARAMELO DE 1/2"""
"PERFILES Y HERRAJES VARGAS, S.A DE C.V","LANL38","LANZA LISA 3/8"""
"PERFILES Y HERRAJES VARGAS, S.A DE C.V","LANL12","LANZA LISA DE 1/2"""
"PERFILES Y HERRAJES VARGAS, S.A DE C.V","PUFLE105","LANZA LISA DE 1/2"" (PUFLE 105)"
"PERFILES Y HERRAJES VARGAS, S.A DE C.V","MANG175","MANGUERA REF. GONI  10 MTS (G-175) (003353)"
"PERFILES Y HERRAJES VARGAS, S.A DE C.V","PGIS-S/GIS","PORTA GIS WYP-400-1 SIN GIS"
"PERFILES Y HERRAJES VARGAS, S.A DE C.V","PRIBCO","PRIMARIO BLANCO"
"PERFILES Y HERRAJES VARGAS, S.A DE C.V","PRIBCO5000","PRIMARIO BLANCO 5000 GALON"
"PERFILES Y HERRAJES VARGAS, S.A DE C.V","PRIGRIS","PRIMARIO GRIS"
"PERFILES Y HERRAJES VARGAS, S.A DE C.V","GALPRI5002","PRIMARIO GRIS 5002 GALON"
"PERFILES Y HERRAJES VARGAS, S.A DE C.V","PRINEG","PRIMARIO NEGRO"
"PERFILES Y HERRAJES VARGAS, S.A DE C.V","GALPRI5003","PRIMARIO NEGRO 5003 GALON"
"PERFILES Y HERRAJES VARGAS, S.A DE C.V","PRIRO","PRIMARIO ROJO"
"PERFILES Y HERRAJES VARGAS, S.A DE C.V","GALPRI5001","PRIMARIO ROJO 5001 GALON"
"PERFILES Y HERRAJES VARGAS, S.A DE C.V","PROFACL","PROTECTOR FACIAL 3PF-500(CODIGO-8257)"
"PERFILES Y HERRAJES VARGAS, S.A DE C.V","PROFAE","PROTECTOR FACIAL AMPLIO ELEVA"
"PERFILES Y HERRAJES VARGAS, S.A DE C.V","REBA","REJACERO BARROCO  91.5 X 2.44 MTS."
"PERFILES Y HERRAJES VARGAS, S.A DE C.V","RECLA","REJACERO CLASICO  91.5 X 2.44 MTS.(71155"
"PERFILES Y HERRAJES VARGAS, S.A DE C.V","REGO1.22","REJACERO GOTICO 1.22 X 2.44 MTS."
"PERFILES Y HERRAJES VARGAS, S.A DE C.V","REGO","REJACERO GOTICO 91.5 X 2.44 MTS."
"PERFILES Y HERRAJES VARGAS, S.A DE C.V","REGRA1.22","REJACERO GRANADA 1.22X 2.44 MTS"
"PERFILES Y HERRAJES VARGAS, S.A DE C.V","REGRA","REJACERO GRANADA 91.5 CM X 2.44 MT"
"PERFILES Y HERRAJES VARGAS, S.A DE C.V","REPA","REJACERO PACIFICO 91.5 X 2.44 MT"
"PERFILES Y HERRAJES VARGAS, S.A DE C.V","REPA1.22","REJACERO PACIFICO DE 1.22 X 2.44 MT"
"PERFILES Y HERRAJES VARGAS, S.A DE C.V","RE3/1635","RESORTE P/CORTINA 3/16"" X 35 CM"
"PERFILES Y HERRAJES VARGAS, S.A DE C.V","RE3/1640","RESORTE P/CORTINA 3/16"" X 40 CM"
"PERFILES Y HERRAJES VARGAS, S.A DE C.V","RE7/3235","RESORTE P/CORTINA 7/32"" X 35 CM"
"PERFILES Y HERRAJES VARGAS, S.A DE C.V","RE7/3240","RESORTE P/CORTINA 7/32"" X 40 CM"
"PERFILES Y HERRAJES VARGAS, S.A DE C.V","TARUGO","TARUGO PARA MECANISMO"
"PERFILES Y HERRAJES VARGAS, S.A DE C.V","TEJU75N","TEJUELO NEGRO 3"""
"PERFILES Y HERRAJES VARGAS, S.A DE C.V","TEJU100","TEJUELO NEGRO DE 4"""
"PERFILES Y HERRAJES VARGAS, S.A DE C.V","TEJU38","TEJUELO PULIDO 1 1/2"""
"PERFILES Y HERRAJES VARGAS, S.A DE C.V","TEJU32","TEJUELO PULIDO 1 1/4"""
"PERFILES Y HERRAJES VARGAS, S.A DE C.V","TEJU25","TEJUELO PULIDO 1"""
"PERFILES Y HERRAJES VARGAS, S.A DE C.V","TEJU64","TEJUELO PULIDO 2 1/2"""
"PERFILES Y HERRAJES VARGAS, S.A DE C.V","TEJU50","TEJUELO PULIDO 2"""
"PERFILES Y HERRAJES VARGAS, S.A DE C.V","TEJU75","TEJUELO PULIDO 3"""
"PERFILES Y HERRAJES VARGAS, S.A DE C.V","TOCAPMI","TOCA PUERTA MINI (15 X 15)"
"PRODUCTOS LAMINADOS DE MONTERREY S.A DE C.V","PV121","CHAMBRANA SENCILLA PINTADA"
"PRODUCTOS LAMINADOS DE MONTERREY S.A DE C.V","HSS6X63/16-12.20M","HSS  DE 6"" X 6"" EN 3/16 A 12.20 MTS( 21.65 KG/ML)"
"PRODUCTOS LAMINADOS DE MONTERREY S.A DE C.V","HSS6X63/16","HSS  DE 6"" X 6"" EN 3/16 A 6.10 MTS( 21.65 KG/ML)"
"PRODUCTOS LAMINADOS DE MONTERREY S.A DE C.V","HSS10X101/4","HSS DE 10"" X 10"" EN 1/4"" A 12.20 MTS(48.55 KG/ML)"
"PRODUCTOS LAMINADOS DE MONTERREY S.A DE C.V","HSS12X123/8","HSS DE 12"" X 12"" EN 3/8"" A 12.20 MTS ( 86.46 KG/ML"
"PRODUCTOS LAMINADOS DE MONTERREY S.A DE C.V","HSS8X81/4","HSS DE 8"" X 8"" EN 1/4"" A 12.20 MTS"
"PRODUCTOS LAMINADOS DE MONTERREY S.A DE C.V","HSS8X8-3/8","HSS DE 8"" X 8"" EN 3/8"" A 12.20 MTS"
"PROVEEDOR EN GENERAL","CAPUCHA","CAPUCHA DE MEZCLILLA"
"PROVEEDOR EN GENERAL","TILOUVER","TIRA LOUVER GAL. 3.05 MTS. GALV. CAL. 18"
"SYNERGY IMPORTS. S.A. DE C.V.","BAT1120-3","BATERIA 20V A 3 AMP. GLADIATOR (BAT1120-3)"
"SYNERGY IMPORTS. S.A. DE C.V.","IP 1012/220","CORTADOR DE PLASMA 220V NEO"
"SYNERGY IMPORTS. S.A. DE C.V.","MDL 650","MEDIDOR DE DIST. 50MTS GLAD. LASER ROJO"
"SYNERGY IMPORTS. S.A. DE C.V.","RM1030/120G K","ROTOMART ELECTRON. GLAD ,900W (RM1030/120G K)"
"TERNIUM MEXICO S.A DE .CV.","ZP100","CAJITA 1"" X 1 1/2"""
"TERNIUM MEXICO S.A DE .CV.","ZV122","CHAMBRANA ESCALONADA"
"TERNIUM MEXICO S.A DE .CV.","ZM225","CHAMBRANA L ZM225"
"TERNIUM MEXICO S.A DE .CV.","ZV121","CHAMBRANA SENCILLA"
"TERNIUM MEXICO S.A DE .CV.","ZV126","CHAMBRANA TAPADA"
"TERNIUM MEXICO S.A DE .CV.","LGLR3C24","KG. DE LAM. GALV ROLL C24 3`"
"TERNIUM MEXICO S.A DE .CV.","LGLR4C24","KG. DE LAM. GALV ROLL C24 4`"
"TERNIUM MEXICO S.A DE .CV.","LGLR3C26","KG. DE LAM. GALV ROLL C26 3`"
"TERNIUM MEXICO S.A DE .CV.","LGLR4C26","KG. DE LAM. GALV ROLL C26 4`"
"TERNIUM MEXICO S.A DE .CV.","LGLR3C28","KG. DE LAM. GALV ROLL C28 3`"
"TERNIUM MEXICO S.A DE .CV.","LGLR3C30","KG. DE LAM. GALV ROLL C30 3´"
"TERNIUM MEXICO S.A DE .CV.","LGL3C14","MT. DE LAM. GALV LISA 3' C14"
"TERNIUM MEXICO S.A DE .CV.","LGL3C16","MT. DE LAM. GALV LISA 3´ C16"
"TERNIUM MEXICO S.A DE .CV.","LGL3C18","MT. DE LAM. GALV LISA 3´ C18"
"TERNIUM MEXICO S.A DE .CV.","LGL3C20","MT. DE LAM. GALV LISA 3´ C20"
"TERNIUM MEXICO S.A DE .CV.","LGL3C22","MT. DE LAM. GALV LISA 3´ C22"
"TERNIUM MEXICO S.A DE .CV.","LGL4C16","MT. DE LAM. GALV LISA 4´ C16"
"TERNIUM MEXICO S.A DE .CV.","LGL4C18","MT. DE LAM. GALV LISA 4´ C18"
"TERNIUM MEXICO S.A DE .CV.","LGL4C20","MT. DE LAM. GALV LISA 4´ C20"
"TERNIUM MEXICO S.A DE .CV.","LGL4C22","MT. DE LAM. GALV LISA 4´ C22"
"TERNIUM MEXICO S.A DE .CV.","ZR125","RECTANGULAR  1 1/4"" X 3/4"""
"TERNIUM MEXICO S.A DE .CV.","ZR175","RECTANGULAR  1 3/4"" X 3/4"""
"TERNIUM MEXICO S.A DE .CV.","ZR225","RECTANGULAR  2 1/4"" X 3/4"""
"TERNIUM MEXICO S.A DE .CV.","ZR100","RECTANGULAR 1"" X 1/2"""
"TERNIUM MEXICO S.A DE .CV.","ZR249","RECTANGULAR 2 1/2"" X 1 1/4"""
"TERNIUM MEXICO S.A DE .CV.","ZR200","RECTANGULAR 2"" X 1"" C-20"
"TERNIUM MEXICO S.A DE .CV.","ZR300","RECTANGULAR 3 X 1 1/2 C-20"
"TERNIUM MEXICO S.A DE .CV.","ZR300C22","RECTANGULAR 3 X 1 1/2 C-22"
"TERNIUM MEXICO S.A DE .CV.","ZR400","RECTANGULAR 4 X 1 1/2"""
"TERNIUM MEXICO S.A DE .CV.","ZP1400","RIEL DOBLE CHICO PARA PUERTA"
"TERNIUM MEXICO S.A DE .CV.","ZV124","RIEL SENCILLO PARA VENTANA"
"TERNIUM MEXICO S.A DE .CV.","TCEC244","TIRA P/CORT. EUROPEA C24 4.05 M"
"TERNIUM MEXICO S.A DE .CV.","TCEC245","TIRA P/CORT. EUROPEA C24 5.05 M"
"TERNIUM MEXICO S.A DE .CV.","TCEC246","TIRA P/CORT. EUROPEA C24 6.00 M"
"TUBO DECORADO MONTERREY, S.A DE C.V","LMNC18-4X8","LOUVER MESH N94 A.NEGRO C18 4X8"
"TUBO DECORADO MONTERREY, S.A DE C.V","TILOUVERN","TIRA LOUVER NEGRA C/COST.3.05 MTS. CAL. 18"
"UJUETA MEXICO S,A DE C.V","AT2610254M","ANTORCHA P/SOLD. TIG SR26V 4MTS. 10/25 ELITE"
"UJUETA MEXICO S,A DE C.V","M1-122","ANTORCHA SPOOL GUN-4MTS. SWEISS TITAN 250A"
"UJUETA MEXICO S,A DE C.V","G2-217","CONECTOR RAPIDO HEMBRA 1/2"" G2-217 P/SWEISS"
"UJUETA MEXICO S,A DE C.V","G2-216","CONECTOR RAPIDO HEMBRA 3/8 G2-216 P/ELITE Y FURIUS"
"UJUETA MEXICO S,A DE C.V","G2-214","CONECTOR RAPIDO MACHO 1/2"" G2-214P/SWEISS"
"UJUETA MEXICO S,A DE C.V","G2-213","CONECTOR RAPIDO MACHO 3/8 G2-213 P/ELITE Y FURIUS"
"UJUETA MEXICO S,A DE C.V","G2-210","CONECTOR RAPIDO MAQUINA G2-210 P/ELITE Y FURIUS"
"UJUETA MEXICO S,A DE C.V","CORPECUT40","CORTADOR DE PLASMA ELITECUT 40 110/220V"
"UJUETA MEXICO S,A DE C.V","P2-518","DIFUSOR TITAN CUT X70 SWEISS(P2-518)"
"UJUETA MEXICO S,A DE C.V","P2-516","SEPARADOR TITAN CUT X70 SWEISS(P2-516)"
"UJUETA MEXICO S,A DE C.V","P2-514","TOBERA TITAN CUT X70 SWEISS(P2-514)"
"URREA HERRAMIENTAS PROFESIONALES S.A DE C.V","WS235","ACEITE AFLOJATODO 235 ML SURTEK (WS235)"
"URREA HERRAMIENTAS PROFESIONALES S.A DE C.V","WS400","ACEITE AFLOJATODO 400 ML SURTEK (WS400)"
"URREA HERRAMIENTAS PROFESIONALES S.A DE C.V","U40B","ACEITE AFLOJATODO DIEL 235 ML (U40B)"
"URREA HERRAMIENTAS PROFESIONALES S.A DE C.V","U40","ACEITE AFLOJATODO DIEL 400 ML (U40)"
"URREA HERRAMIENTAS PROFESIONALES S.A DE C.V","140982","ACEITE MULTIUSOS 100ML (140982) FOY"
"URREA HERRAMIENTAS PROFESIONALES S.A DE C.V","151226","ACOPLADOR PARA REMOLQUE 2"" SURTEK (151226)"
"URREA HERRAMIENTAS PROFESIONALES S.A DE C.V","108123","ACOPLADORES RAPIDOS 4 PZA. SURTEK (108123)"
"URREA HERRAMIENTAS PROFESIONALES S.A DE C.V","PA1","AEROGRAFO PROF. POR GRAVEDAD SURTEK (PA1)"
"URREA HERRAMIENTAS PROFESIONALES S.A DE C.V","AEM301","AERSOL MET. ALUMINIO 300 ML SURTEK (AEM301)"
"URREA HERRAMIENTAS PROFESIONALES S.A DE C.V","137430","AMORTIGUADOR IMPACTO CUERDA (137430)"
"URREA HERRAMIENTAS PROFESIONALES S.A DE C.V","AS510A","ASPIRADORA 10 GAL 4HP 120V SURTEK (AS510A)"
"URREA HERRAMIENTAS PROFESIONALES S.A DE C.V","137079","BANCO P/MECAN. ACOLCH. 770 MM (137079)"
"URREA HERRAMIENTAS PROFESIONALES S.A DE C.V","BAF150","BARRETA HEX. 1"" X 1,50 MTS SURTEK (BAF150)"
"URREA HERRAMIENTAS PROFESIONALES S.A DE C.V","151227","BOLA PARA REMOLQUE 2X1X2-1/8""  SURTEK (151227)"
"URREA HERRAMIENTAS PROFESIONALES S.A DE C.V","114200","BOLSA CINCHO PLASTICO 100 PZAS SURTEK 114200"
"URREA HERRAMIENTAS PROFESIONALES S.A DE C.V","114204","BOLSA CINCHO PLASTICO 50 PZAS SURTEK 114204"
"URREA HERRAMIENTAS PROFESIONALES S.A DE C.V","114208","BOLSA CINCHO PLASTICO 50 PZAS SURTEK 114208"
"URREA HERRAMIENTAS PROFESIONALES S.A DE C.V","114210","BOLSA CINCHO PLASTICO 50 PZAS SURTEK 114210"
"URREA HERRAMIENTAS PROFESIONALES S.A DE C.V","114214","BOLSA CINCHO PLASTICO BCO 25 PZAS SURTEK 114214"
"URREA HERRAMIENTAS PROFESIONALES S.A DE C.V","114203","BOLSA CINCHO PLASTICO NGO 100 PZAS SURTEK 114203"
"URREA HERRAMIENTAS PROFESIONALES S.A DE C.V","114215","BOLSA CINCHO PLASTICO NGO 25 PZAS SURTEK 114215"
"URREA HERRAMIENTAS PROFESIONALES S.A DE C.V","114205","BOLSA CINCHO PLASTICO NGO 50 PZAS SURTEK 114205"
"URREA HERRAMIENTAS PROFESIONALES S.A DE C.V","114209","BOLSA CINCHO PLASTICO NGO 50 PZAS SURTEK 114209"
"URREA HERRAMIENTAS PROFESIONALES S.A DE C.V","114211","BOLSA CINCHO PLASTICO NGO 50 PZAS SURTEK 114211"
"URREA HERRAMIENTAS PROFESIONALES S.A DE C.V","114213","BOLSA CINCHO PLASTICO NGO 50 PZAS SURTEK 114213"
"URREA HERRAMIENTAS PROFESIONALES S.A DE C.V","CPU19P","CAJA PLASTICA BROCH 19 X 10"" ( CPU19P )"
"URREA HERRAMIENTAS PROFESIONALES S.A DE C.V","CPS17","CAJA PLASTICA NEGRA SURTEK (CPS17)"
"URREA HERRAMIENTAS PROFESIONALES S.A DE C.V","CPS19P","CAJA PLASTICA NEGRA SURTEK (CPS19P)"
"URREA HERRAMIENTAS PROFESIONALES S.A DE C.V","CPS17K","CAJA PLASTICA ROSA SURTEK (CPS17K)"
"URREA HERRAMIENTAS PROFESIONALES S.A DE C.V","137657","CAPUCHA DE MEZCLILLA SURTEK (137657)"
"URREA HERRAMIENTAS PROFESIONALES S.A DE C.V","SINAIS-138001","CINTA AISLAR SURTEK 19MMX18M (138001)"
"URREA HERRAMIENTAS PROFESIONALES S.A DE C.V","SINAIS-138000","CINTA AISLAR SURTEK 9M (138000)"
"URREA HERRAMIENTAS PROFESIONALES S.A DE C.V","137367","CINTA ANTIDERRAPANTE 50MM 5M SURTEK (137367)"
"URREA HERRAMIENTAS PROFESIONALES S.A DE C.V","CLFV20","CINTA LGA FIB VID 20 M  ( CLFV20 )"
"URREA HERRAMIENTAS PROFESIONALES S.A DE C.V","137297","CINTA PRECAUCION DE 3"" 100 MTS.(137297)"
"URREA HERRAMIENTAS PROFESIONALES S.A DE C.V","138026","CINTA TRANS. 150 MTS SURTEK (138026)"
"URREA HERRAMIENTAS PROFESIONALES S.A DE C.V","CRSOLS","CONECTOR PARA SOLDAR (CRSOLS)"
"URREA HERRAMIENTAS PROFESIONALES S.A DE C.V","137601","CONO PRECAUCION SIN REFL 90CM (137601)"
"URREA HERRAMIENTAS PROFESIONALES S.A DE C.V","142636","CUÑA P/RASPAR CON MANGO PLASTICO 5"" (142636)"
"URREA HERRAMIENTAS PROFESIONALES S.A DE C.V","D247","DESTORNILLADOR D/CRUZ PH 3/16"" X 4"" SURTEK (D247)"
"URREA HERRAMIENTAS PROFESIONALES S.A DE C.V","D202","DESTORNILLADOR PLANO 3/16"" X 4"" SURTEK (D202)"
"URREA HERRAMIENTAS PROFESIONALES S.A DE C.V","114301","ENGRAPADORA MANUAL 4-14MM SURTEK (114301)"
"URREA HERRAMIENTAS PROFESIONALES S.A DE C.V","EE20","ESCALERA EXT. T/3 ALUM. 20 PELD.(EE20)"
"URREA HERRAMIENTAS PROFESIONALES S.A DE C.V","EM212","ESCALERA MULTI.T/3 ALUM. 12 PEL.(EM212)"
"URREA HERRAMIENTAS PROFESIONALES S.A DE C.V","ETT2","ESCALERA PLEGABLE T/TAB.ACER. 2 PELDAÑO (ETT2)"
"URREA HERRAMIENTAS PROFESIONALES S.A DE C.V","ESC34","ESLINGA OJO 3"" X 4M 3 TON. SURTEK (ESC34)"
"URREA HERRAMIENTAS PROFESIONALES S.A DE C.V","ESC36","ESLINGA OJO 3"" X 6M SURTEK (ESC36)"
"URREA HERRAMIENTAS PROFESIONALES S.A DE C.V","EP243","ESLINGA OJO 4"" X 3M URREA (EP243)"
"URREA HERRAMIENTAS PROFESIONALES S.A DE C.V","ESC44","ESLINGA OJO 4"" X 4M SURTEK (ESC44)"
"URREA HERRAMIENTAS PROFESIONALES S.A DE C.V","EP242","ESLINGA OJO 4""X 2M URREA (EP242)"
"URREA HERRAMIENTAS PROFESIONALES S.A DE C.V","EP244","ESLINGA OJO 4""X 4M URREA (EP244)"
"URREA HERRAMIENTAS PROFESIONALES S.A DE C.V","EP246","ESLINGA OJO-OJO URREA 4X6MT.  (EP246)"
"URREA HERRAMIENTAS PROFESIONALES S.A DE C.V","137538","FAJA ELASTICA REFORZADA T/CH. (137538) SURTEK"
"URREA HERRAMIENTAS PROFESIONALES S.A DE C.V","137541","FAJA ELASTICA REFORZADA T/EG (137541) SURTEK"
"URREA HERRAMIENTAS PROFESIONALES S.A DE C.V","137542","FAJA ELASTICA REFORZADA T/EGG (137542) SURTEK"
"URREA HERRAMIENTAS PROFESIONALES S.A DE C.V","137540","FAJA ELASTICA REFORZADA T/G (137540) SURTEK"
"URREA HERRAMIENTAS PROFESIONALES S.A DE C.V","137539","FAJA ELASTICA REFORZADA T/M (137539) SURTEK"
"URREA HERRAMIENTAS PROFESIONALES S.A DE C.V","FIL108103","FILTRO SEPARADOR AGUA Y ACEITE SURTEK(108103)"
"URREA HERRAMIENTAS PROFESIONALES S.A DE C.V","130409","FUMIGADOR DOMESTICO 1.5L (130409)"
"URREA HERRAMIENTAS PROFESIONALES S.A DE C.V","USIMM33","GABARDINA IMP.  REF.T/EG (USIM33) URREA"
"URREA HERRAMIENTAS PROFESIONALES S.A DE C.V","USIM32","GABARDINA IMP. REF.T/G (USIM32) URREA"
"URREA HERRAMIENTAS PROFESIONALES S.A DE C.V","USIM31","GABARDINA IMP. REF.T/M (USIM31 )URREA"
"URREA HERRAMIENTAS PROFESIONALES S.A DE C.V","GAVA2","GAVETA PLASTICA AMARILLA SURTEK (GAVA2)"
"URREA HERRAMIENTAS PROFESIONALES S.A DE C.V","GAVA3","GAVETA PLASTICA AMARILLA SURTEK (GAVA3)"
"URREA HERRAMIENTAS PROFESIONALES S.A DE C.V","137321","GOGLE PARA SOLDAR SURTEK (137321)"
"URREA HERRAMIENTAS PROFESIONALES S.A DE C.V","137334","GOGLE PARA SOLDAR SURTEK (137334)"
"URREA HERRAMIENTAS PROFESIONALES S.A DE C.V","114361","GRAPAS 13/32X5/16"" ENGRAP.MAN(114361)"
"URREA HERRAMIENTAS PROFESIONALES S.A DE C.V","114354","GRAPAS ENGRA. MANUAL 7/16"" X 1/2"" SURTEK (114354)"
"URREA HERRAMIENTAS PROFESIONALES S.A DE C.V","114355","GRAPAS ENGRA. MANUAL 7/16"" X 9/16"" SURTEK (114355)"
"URREA HERRAMIENTAS PROFESIONALES S.A DE C.V","LA32AA","LINTERNA LED ANT.IMP. BAT. AA  (LA32AA)"
"URREA HERRAMIENTAS PROFESIONALES S.A DE C.V","LTU40S","LINTERNA LED T/SLIM RECA 400LM"
"URREA HERRAMIENTAS PROFESIONALES S.A DE C.V","LRCF4","LINTERNA RECARGABLE FOY 110V  (LRCF4)"
"URREA HERRAMIENTAS PROFESIONALES S.A DE C.V","MANDRIL","MANDRIL DE 1 1/4"" A 6"" SURTEK (120756)"
"URREA HERRAMIENTAS PROFESIONALES S.A DE C.V","MANDRIL3/8","MANDRIL GUIA SURTEK 3/8 (120755)"
"URREA HERRAMIENTAS PROFESIONALES S.A DE C.V","123900","MANERAL AJUSTABLE 1/16"" A 1/4"" SURTEK (123900)"
"URREA HERRAMIENTAS PROFESIONALES S.A DE C.V","137651","MANGAS DE CARNAZA SURTEK (137651)"
"URREA HERRAMIENTAS PROFESIONALES S.A DE C.V","137658","MANGAS DE MEZCLILLA SURTEK (137658)"
"URREA HERRAMIENTAS PROFESIONALES S.A DE C.V","108146","MANGUERA BAJA PRESION 10 MT SURTEK (108146)"
"URREA HERRAMIENTAS PROFESIONALES S.A DE C.V","150851","MT.CADENA GALV. 1/4"" SURTEK (150851)"
"URREA HERRAMIENTAS PROFESIONALES S.A DE C.V","150847","MT.CADENA GALV. 1/8"" SURTEK  (150847)"
"URREA HERRAMIENTAS PROFESIONALES S.A DE C.V","150850","MT.CADENA GALV. 3/16"" SURTEK (150850)"
"URREA HERRAMIENTAS PROFESIONALES S.A DE C.V","143422","MTS. CADENA PLASTICA 1/4"" NARANJA FOY (143422)"
"URREA HERRAMIENTAS PROFESIONALES S.A DE C.V","138102","MTS. TELA MOSQUITERA ALUM. 1.20 SURTEK (138102)30M"
"URREA HERRAMIENTAS PROFESIONALES S.A DE C.V","PER140432","PERICO 12"" FOY (140432)"
"URREA HERRAMIENTAS PROFESIONALES S.A DE C.V","PER3","PERRO HIERRO MALEABLE 1/4"" (PER3) SURTEK"
"URREA HERRAMIENTAS PROFESIONALES S.A DE C.V","PER1","PERRO HIERRO MALEABLE 1/8"" (PER1) SURTEK"
"URREA HERRAMIENTAS PROFESIONALES S.A DE C.V","PER2","PERRO HIERRO MALEABLE 3/16"" (PER2) SURTEK"
"URREA HERRAMIENTAS PROFESIONALES S.A DE C.V","MN1300","PILA ALCALINA DURACEL D 2PZA.(MN1300)"
"URREA HERRAMIENTAS PROFESIONALES S.A DE C.V","POLAC2A","POLIPASTO INDUSTRIAL DE 1 TN SURTEK (POLAC2A)"
"URREA HERRAMIENTAS PROFESIONALES S.A DE C.V","ESQ25","POSICIONADOR MAGNETICO 12 KGS. (ESQ25)"
"URREA HERRAMIENTAS PROFESIONALES S.A DE C.V","PM22.70KGS","POSICIONADOR MAGNETICO 22.70 KGS.(123281)"
"URREA HERRAMIENTAS PROFESIONALES S.A DE C.V","ESQ75","POSICIONADOR MAGNETICO 34 KGS (ESQ75)"
"URREA HERRAMIENTAS PROFESIONALES S.A DE C.V","PM34KG123282","POSICIONADOR MAGNETICO 34 KGS.(123282)"
"URREA HERRAMIENTAS PROFESIONALES S.A DE C.V","ESQ100","POSICIONADOR MAGNETICO 45 KGS (ESQ100)"
"URREA HERRAMIENTAS PROFESIONALES S.A DE C.V","117166","PUNTO PARA MARCAR 1/2"" X 6"" (117166) SURTEK"
"URREA HERRAMIENTAS PROFESIONALES S.A DE C.V","RAFIABCA","RAFIA BLANCA SURTEK (RAF001)"
"URREA HERRAMIENTAS PROFESIONALES S.A DE C.V","RH5B","RODAJA HULE GIRATORIA C/FRENO 2""(RH5B)"
"URREA HERRAMIENTAS PROFESIONALES S.A DE C.V","RY5PB","RODAJA YOYO ARO BASE 50 MM SURTEK (RY5PB)"
"URREA HERRAMIENTAS PROFESIONALES S.A DE C.V","34014","SERRUCHO BIMAT.3PLE FILO 14 """
"URREA HERRAMIENTAS PROFESIONALES S.A DE C.V","137459","TOPE ESTACIONAMIENTO 54CM X 16CM SURTEK (137459)"
"URREA HERRAMIENTAS PROFESIONALES S.A DE C.V","151007","TROL 1000 KG. SURTEK (151007)"
"URREA HERRAMIENTAS PROFESIONALES S.A DE C.V","151006","TROL 500 KG. SURTEK (151006)"
"URREA HERRAMIENTAS PROFESIONALES S.A DE C.V","TROL151010","TROL 5000 KG. SURTEK (151010)"
"VICTOR HUGO HERNANDEZ AGUILAR","RIELC","RIEL O GUIA P/CORTINA EUR. 6.00 M"
"WAREZOM S.A DE C.V","DSB-250","GOGLES (BETA250)"
